{
  "format_version": "1.10",
  "minecraft:item": {
    "description": {
      "identifier": "minecraft:golden_apple"
    },

    "components": {
      "minecraft:stacked_by_data": true,
      "minecraft:use_duration": 34,
      "minecraft:foil": false,

      "minecraft:food": {
        "nutrition": 6,
        "saturation_modifier": "supernatural",
        "can_always_eat": true,
        "effects": [
          {
            "name": "regeneration",
            "chance": 1.0,
            "duration": 6,
            "amplifier": 3
          },
          {
            "name": "absorption",
            "chance": 1.0,
            "duration": 480, // 2 * 60
            "amplifier": 0
          }
        ]
      }
    }
  }
}
