{
  "tiers": [
    {
      "total_exp_required": 0,
      "groups": [
        {
          "num_to_select": 1,
          "trades": [
            {
              "wants": [
                {
                  "item": "minecraft:diamond",
                  "quantity": 4,
                  "price_multiplier": 0
                }
              ],
              "gives": [
                {
                  "item": "minecraft:diamond_helmet",
                  "quantity": 1,
                  "functions": [
                    {
                      "function": "enchant_with_levels",
                      "treasure": false,
                      "levels": {
                        "min": 5,
                        "max": 15
                      }
                    }
                  ]
                }
              ],
              "trader_exp": 100,
              "max_uses": 1,
              "reward_exp": true
            }
          ]
        },
        {
          "num_to_select": 1,
          "trades": [
            {
              "wants": [
                {
                  "item": "minecraft:diamond",
                  "quantity": 4,
                  "price_multiplier": 0
                }
              ],
              "gives": [
                {
                  "item": "minecraft:diamond_chestplate",
                  "quantity": 1,
                  "functions": [
                    {
                      "function": "enchant_with_levels",
                      "treasure": false,
                      "levels": {
                        "min": 5,
                        "max": 15
                      }
                    }
                  ]
                }
              ],
              "trader_exp": 100,
              "max_uses": 1,
              "reward_exp": true
            }
          ]
        },
        {
          "num_to_select": 1,
          "trades": [
            {
              "wants": [
                {
                  "item": "minecraft:diamond",
                  "quantity": 4,
                  "price_multiplier": 0
                }
              ],
              "gives": [
                {
                  "item": "minecraft:diamond_leggings",
                  "quantity": 1,
                  "functions": [
                    {
                      "function": "enchant_with_levels",
                      "treasure": false,
                      "levels": {
                        "min": 5,
                        "max": 15
                      }
                    }
                  ]
                }
              ],
              "trader_exp": 100,
              "max_uses": 1,
              "reward_exp": true
            }
          ]
        },
        {
          "num_to_select": 1,
          "trades": [
            {
              "wants": [
                {
                  "item": "minecraft:diamond",
                  "quantity": 4,
                  "price_multiplier": 0
                }
              ],
              "gives": [
                {
                  "item": "minecraft:diamond_boots",
                  "quantity": 1,
                  "functions": [
                    {
                      "function": "enchant_with_levels",
                      "treasure": false,
                      "levels": {
                        "min": 5,
                        "max": 15
                      }
                    }
                  ]
                }
              ],
              "trader_exp": 100,
              "max_uses": 1,
              "reward_exp": true
            }
          ]
        }
      ]
    }
  ]
}
