{
  "format_version": "1.13.0",
  "minecraft:entity": {
    "description": {
      "identifier": "minecraft:elder_guardian",
      "is_spawnable": false,
      "is_summonable": false,
      "is_experimental": false
    },
    "components": {
      "minecraft:collision_box": {
        "width": 1.99,
        "height": 1.99
      },
      "minecraft:nameable": {},
      "minecraft:navigation.generic": {
        "is_amphibious": true,
        "can_path_over_water": false,
        "can_swim": true,
        "can_walk": false,
        "can_breach": true
      },
      "minecraft:movement.sway": {},
      "minecraft:jump.static": {},
      "minecraft:health": {
        "value": 80,
        "max": 80
      },
      "minecraft:movement": {
        "value": 0
      },
      "minecraft:underwater_movement": {
        "value": 0
      },
      "minecraft:attack": {
        "damage": 0
      },
      "minecraft:breathable": {
        "breathes_water": true
      },
      "minecraft:behavior.nearest_attackable_target": {
        "priority": 1
      },
      "minecraft:behavior.guardian_attack": {
        "priority": 4
      },
      "minecraft:behavior.move_towards_restriction": {
        "priority": 5,
        "speed_multiplier": 1.0,
        "control_flags": ["move", "look"]
      },
      "minecraft:behavior.random_stroll": {
        "priority": 7,
        "speed_multiplier": 0.5
      },
      "minecraft:behavior.look_at_player": {
        "priority": 8,
        "look_distance": 12.0,
        "probability": 0.01
      },
      "minecraft:behavior.random_look_around": {
        "priority": 9
      },
      "minecraft:type_family": {
        "family": ["guardian_elder", "monster", "mob", "player"]
      },
      "minecraft:physics": {},
      "minecraft:pushable": {
        "is_pushable": true,
        "is_pushable_by_piston": true
      }
    }
  }
}
