{
  "format_version": "1.13.0",
  "minecraft:feature_rules": {
    "description": {
      "identifier": "minecraft:cherry_grove_pink_petals_feature_rules",
      "places_feature": "minecraft:pink_petals_scatter_feature"
    },
    "conditions": {
      "placement_pass": "after_surface_pass",
      "minecraft:biome_filter": [
        {
          "test": "has_biome_tag",
          "operator": "==",
          "value": "cherry_grove"
        }
      ]
    },
    "distribution": {
      "iterations": 0,
      "x": {
        "distribution": "uniform",
        "extent": [0, 16]
      },
      "y": "query.heightmap(variable.worldx, variable.worldz)",
      "z": {
        "distribution": "uniform",
        "extent": [0, 16]
      }
    }
  }
}
