{
  "format_version": "1.13.0",
  "minecraft:ore_feature": {
    "description": {
      "identifier": "minecraft:diorite_feature"
    },
    "count": 1,
    "discard_chance_on_air_exposure": 1.0,
    "replace_rules": [
      {
        "places_block": {
          "name": "minecraft:stone",
          "states": {
            "stone_type": "diorite"
          }
        },
        "may_replace": [
          {
            "name": "minecraft:stone"
          }
        ]
      }
    ]
  }
}
