{
  "format_version": "1.13.0",
  "minecraft:scatter_feature": {
    "description": {
      "identifier": "minecraft:fern_double_plant_patch_feature"
    },
    "iterations": 0,
    "coordinate_eval_order": "zyx",
    "x": {
      "extent": [-8, 8],
      "distribution": "triangle"
    },
    "z": {
      "extent": [-8, 8],
      "distribution": "triangle"
    },
    "y": {
      "extent": [-4, 4],
      "distribution": "triangle"
    },
    "project_input_to_floor": false,
    "places_feature": "minecraft:fern_double_plant_feature"
  }
}
