{
  "format_version": "1.13.0",
  "minecraft:feature_rules": {
    "description": {
      "identifier": "minecraft:flower_forest_surface_trees_feature",
      "places_feature": "minecraft:legacy:flower_forest_tree_feature"
    },
    "conditions": {
      "placement_pass": "surface_pass",
      "minecraft:biome_filter": [
        {
          "test": "has_biome_tag",
          "operator": "==",
          "value": "flower_forest"
        }
      ]
    },
    "distribution": {
      "iterations": 1,
      "coordinate_eval_order": "zxy",
      "x": 0,
      "y": 0,
      "z": 0
    }
  }
}
