{
  "format_version": "1.13.0",
  "minecraft:tree_feature": {
    "description": {
      "identifier": "minecraft:mangrove_tree_feature"
    },
    "mangrove_roots": {
      "max_root_width": 7,
      "max_root_length": 10,
      "y_offset": {
        "range_min": 1,
        "range_max": 4
      },
      "root_block": {
        "name": "minecraft:mangrove_roots"
      },
      "muddy_root_block": {
        "name": "minecraft:muddy_mangrove_roots"
      },
      "mud_block": {
        "name": "minecraft:mud"
      },
      "roots_may_grow_through": [
        "minecraft:mangrove_propagule",
        "minecraft:mangrove_roots",
        "minecraft:moss_carpet",
        "minecraft:mud",
        "minecraft:muddy_mangrove_roots",
        "minecraft:snow_layer",
        "minecraft:vine"
      ]
    },
    "mangrove_trunk": {
      "trunk_width": 1,
      "trunk_height": {
        "base": 2,
        "height_rand_a": 1,
        "height_rand_b": 4
      },
      "trunk_block": {
        "name": "minecraft:mangrove_log"
      },
      "branches": {
        "branch_chance": 100.0,
        "branch_length": {
          "range_min": 0,
          "range_max": 1
        },
        "branch_steps": {
          "range_min": 1,
          "range_max": 4
        }
      }
    },
    "mangrove_canopy": {
      "canopy_height": 2,
      "canopy_radius": 3,
      "leaf_placement_attempts": 70,
      "leaf_blocks": [["minecraft:mangrove_leaves", 1]],
      "hanging_block": {
        "name": "minecraft:mangrove_propagule",
        "states": {
          "hanging": true
        }
      },
      "hanging_block_placement_chance": {
        "numerator": 1,
        "denominator": 4
      }
    },
    "may_grow_on": [{ "tags": "query.any_tag('dirt')" }, "minecraft:clay"],
    "base_block": ["minecraft:mud"],
    "may_grow_through": [{ "tags": "query.any_tag('dirt')" }, "minecraft:clay"],
    "may_replace": [
      "minecraft:air",
      "minecraft:snow_layer",

      "minecraft:acacia_leaves",
      "minecraft:azalea_leaves",
      "minecraft:azalea_leaves_flowered",
      "minecraft:birch_leaves",
      "minecraft:cherry_leaves",
      "minecraft:dark_oak_leaves",
      "minecraft:jungle_leaves",
      "minecraft:mangrove_leaves",
      "minecraft:oak_leaves",
      "minecraft:pale_oak_leaves",
      "minecraft:spruce_leaves",

      "minecraft:water",
      "minecraft:flowing_water",

      "minecraft:vine",
      "minecraft:moss_carpet",
      "minecraft:mangrove_propagule"
    ]
  }
}
