{
  "format_version": "1.13.0",
  "minecraft:tree_feature": {
    "description": {
      "identifier": "minecraft:oak_tree_with_vines_feature"
    },
    "trunk": {
      "trunk_height": {
        "range_min": 1,
        "range_max": 2
      },
      "trunk_block": {
        "name": "minecraft:air"
      }
    },
    "canopy": {
      "canopy_offset": {
        "min": -3,
        "max": 0
      },
      "variation_chance": [
        {
          "numerator": 1,
          "denominator": 1
        }
      ],
      "leaf_block": {
        "name": "minecraft:air"
      }
    },
    "base_block": ["minecraft:dirt"],
    "may_grow_on": [
      "minecraft:dirt",
      "minecraft:grass_block",
      "minecraft:podzol",
      "minecraft:dirt_with_roots",
      "minecraft:moss_block",
      "minecraft:mycelium",
      "minecraft:mud",
      "minecraft:muddy_mangrove_roots",
      "minecraft:coarse_dirt"
    ],
    "may_replace": [
      "minecraft:air",
      "minecraft:mangrove_leaves",
      "minecraft:azalea_leaves",
      "minecraft:azalea_leaves_flowered",
      "minecraft:oak_leaves",
      "minecraft:spruce_leaves",
      "minecraft:birch_leaves",
      "minecraft:jungle_leaves",
      "minecraft:acacia_leaves",
      "minecraft:dark_oak_leaves"
    ],
    "may_grow_through": ["minecraft:dirt", "minecraft:grass_block", "minecraft:coarse_dirt"]
  }
}
