{
  "format_version": "1.13.0", // กำหนดเวอร์ชันของฟอร์แมต JSON
  "minecraft:tree_feature": {
    "description": {
      "identifier": "minecraft:roofed_tree_feature" // ชื่อของโครงสร้างต้นไม้
    },
    "acacia_trunk": {
      "trunk_width": 1, // ความกว้างของลำต้น
      "trunk_height": {
        "base": 1, // ความสูงพื้นฐานของลำต้น
        "intervals": [1, 3] // ความสูงของลำต้นที่เพิ่มขึ้นเป็นช่วง
      },
      "trunk_block": {
        "name": "minecraft:air" // บล็อกที่ใช้เป็นลำต้น
      },
      "trunk_lean": {
        "allow_diagonal_growth": false, // ลำต้นไม่เติบโตในแนวทแยง
        "lean_height": {
          "range_min": 0,
          "range_max": 4 // ช่วงความสูงที่ลำต้นสามารถเอนไปได้
        },
        "lean_steps": {
          "range_min": 0,
          "range_max": 3 // จำนวนก้าวในการเอียง
        }
      },
      "branches": {
        "branch_chance": {
          "numerator": 1,
          "denominator": 2 // โอกาสในการสร้างกิ่งไม้
        },
        "branch_length": {
          "range_min": 1,
          "range_max": 1 // ความยาวของกิ่งไม้
        },
        "branch_position": 1, // ตำแหน่งเริ่มต้นของกิ่งบนลำต้น
        "branch_canopy": {
          "acacia_canopy": {
            "canopy_size": 2, // ขนาดของใบไม้ที่กิ่งไม้สร้าง
            "leaf_block": {
              "name": "minecraft:air" // บล็อกใบไม้ที่ใช้
            },
            "simplify_canopy": true // ทำให้โครงสร้างใบไม้เรียบง่ายขึ้น
          }
        }
      }
    },
    "roofed_canopy": {
      "canopy_height": 4, // ความสูงของหลังคาใบไม้
      "core_width": 2, // ความกว้างของแกนใบไม้
      "outer_radius": 2, // รัศมีด้านนอกของใบไม้
      "inner_radius": 3, // รัศมีด้านในของใบไม้
      "leaf_block": {
        "name": "minecraft:air" // บล็อกใบไม้ที่ใช้
      }
    },
    "base_block": ["minecraft:dirt", "minecraft:coarse_dirt"], // บล็อกที่ต้นไม้วางอยู่ได้
    "may_grow_on": [
      "minecraft:grass_block",
      // บล็อก farmland รองรับหลาย states ของความชุ่มชื้น
      {
        "name": "minecraft:farmland",
        "states": { "moisturized_amount": 0 }
      },
      {
        "name": "minecraft:farmland",
        "states": { "moisturized_amount": 7 }
      }
    ],
    "may_replace": [
      "minecraft:air",
      "minecraft:mangrove_leaves",
      "minecraft:azalea_leaves",
      "minecraft:azalea_leaves_flowered",
      "minecraft:oak_leaves",
      "minecraft:spruce_leaves",
      "minecraft:birch_leaves",
      "minecraft:jungle_leaves",
      "minecraft:acacia_leaves",
      "minecraft:dark_oak_leaves" // ใบไม้ที่ต้นไม้สามารถแทนที่ได้
    ],
    "may_grow_through": ["minecraft:dirt", "minecraft:grass_block", "minecraft:coarse_dirt"] // บล็อกที่ต้นไม้สามารถเติบโตผ่านได้
  }
}
