{
  "format_version": "1.13.0",
  "minecraft:tree_feature": {
    "description": {
      "identifier": "minecraft:spruce_tree_with_vines_feature"
    },
    "trunk": {
      "trunk_height": {
        "range_min": 6,
        "range_max": 10
      },
      "height_modifier": {
        "range_min": -2,
        "range_max": 1
      },
      "trunk_block": {
        "name": "minecraft:air"
      }
    },
    "spruce_canopy": {
      "lower_offset": {
        "range_min": 1,
        "range_max": 3
      },
      "upper_offset": {
        "range_min": 0,
        "range_max": 3
      },
      "max_radius": {
        "range_min": 2,
        "range_max": 4
      },
      "leaf_block": {
        "name": "minecraft:air"
      }
    },
    "base_block": ["minecraft:dirt", "minecraft:coarse_dirt"],
    "may_grow_on": [
      "minecraft:dirt",
      "minecraft:grass_block",
      "minecraft:podzol",
      "minecraft:dirt_with_roots",
      "minecraft:moss_block",
      "minecraft:mycelium",
      "minecraft:mud",
      "minecraft:muddy_mangrove_roots",
      "minecraft:coarse_dirt",
      {
        "name": "minecraft:farmland",
        "states": {
          "moisturized_amount": 0
        }
      },
      {
        "name": "minecraft:farmland",
        "states": {
          "moisturized_amount": 1
        }
      },
      {
        "name": "minecraft:farmland",
        "states": {
          "moisturized_amount": 2
        }
      },
      {
        "name": "minecraft:farmland",
        "states": {
          "moisturized_amount": 3
        }
      },
      {
        "name": "minecraft:farmland",
        "states": {
          "moisturized_amount": 4
        }
      },
      {
        "name": "minecraft:farmland",
        "states": {
          "moisturized_amount": 5
        }
      },
      {
        "name": "minecraft:farmland",
        "states": {
          "moisturized_amount": 6
        }
      },
      {
        "name": "minecraft:farmland",
        "states": {
          "moisturized_amount": 7
        }
      }
    ],
    "may_replace": [
      "minecraft:air",
      "minecraft:mangrove_leaves",
      "minecraft:azalea_leaves",
      "minecraft:azalea_leaves_flowered",
      "minecraft:oak_leaves",
      "minecraft:spruce_leaves",
      "minecraft:birch_leaves",
      "minecraft:jungle_leaves",
      "minecraft:acacia_leaves",
      "minecraft:dark_oak_leaves"
    ],
    "may_grow_through": ["minecraft:dirt", "minecraft:grass_block", "minecraft:coarse_dirt"]
  }
}
