{
  "format_version": "1.13.0",
  "minecraft:scatter_feature": {
    "description": {
      "identifier": "minecraft:sunflower_double_plant_patch_feature"
    },
    "iterations": 0,
    "x": {
      "extent": [-7, 7],
      "distribution": "triangle"
    },
    "y": {
      "extent": [-3, 3],
      "distribution": "triangle"
    },
    "z": {
      "extent": [-7, 7],
      "distribution": "triangle"
    },
    "coordinate_eval_order": "zyx",
    "places_feature": "minecraft:sunflower_double_plant_feature"
  }
}
