{
  "format_version": "1.13.0",
  "minecraft:tree_feature": {
    "description": {
      "identifier": "minecraft:super_birch_tree_feature"
    },
    "trunk": {
      "trunk_height": {
        "range_min": 6,
        "range_max": 8
      },
      "height_modifier": {
        "range_min": 0,
        "range_max": 7
      },
      "trunk_block": {
        "name": "minecraft:birch_log"
      }
    },
    "canopy": {
      "canopy_offset": {
        "min": -3,
        "max": 0
      },
      "variation_chance": [
        {
          "numerator": 1,
          "denominator": 1
        }
      ],
      "leaf_block": {
        "name": "minecraft:birch_leaves"
      }
    },
    "base_block": ["minecraft:dirt", "minecraft:coarse_dirt"],
    "may_grow_on": [
      "minecraft:dirt",
      "minecraft:grass_block",
      "minecraft:podzol",
      "minecraft:dirt_with_roots",
      "minecraft:moss_block",
      "minecraft:coarse_dirt",
      // Block aliases sure would be sweet
      {
        "name": "minecraft:farmland",
        "states": {
          "moisturized_amount": 0
        }
      },
      {
        "name": "minecraft:farmland",
        "states": {
          "moisturized_amount": 1
        }
      },
      {
        "name": "minecraft:farmland",
        "states": {
          "moisturized_amount": 2
        }
      },
      {
        "name": "minecraft:farmland",
        "states": {
          "moisturized_amount": 3
        }
      },
      {
        "name": "minecraft:farmland",
        "states": {
          "moisturized_amount": 4
        }
      },
      {
        "name": "minecraft:farmland",
        "states": {
          "moisturized_amount": 5
        }
      },
      {
        "name": "minecraft:farmland",
        "states": {
          "moisturized_amount": 6
        }
      },
      {
        "name": "minecraft:farmland",
        "states": {
          "moisturized_amount": 7
        }
      }
    ],
    "may_replace": [
      "minecraft:air",
      "minecraft:oak_leaves",
      "minecraft:spruce_leaves",
      "minecraft:birch_leaves",
      "minecraft:jungle_leaves",
      "minecraft:acacia_leaves",
      "minecraft:dark_oak_leaves"
    ],
    "may_grow_through": ["minecraft:dirt", "minecraft:grass_block", "minecraft:coarse_dirt"]
  }
}
