{
  "format_version": "1.16.0",
  "minecraft:feature_rules": {
    "description": {
      "identifier": "minecraft:surface_pass_large_dripstone_feature",
      "places_feature": "minecraft:large_dripstone_feature"
    },
    "conditions": {
      "placement_pass": "surface_pass",
      "minecraft:biome_filter": [
        {
          "test": "has_biome_tag",
          "operator": "==",
          "value": "dripstone_caves"
        }
      ]
    },
    "distribution": {
      "iterations": 0,
      "x": {
        "distribution": "uniform",
        "extent": [0, 16]
      },
      "y": {
        "distribution": "uniform",
        "extent": [-64, 256]
      },
      "z": {
        "distribution": "uniform",
        "extent": [0, 16]
      }
    }
  }
}
