{
  "format_version": "1.16.0",
  "minecraft:feature_rules": {
    "description": {
      "identifier": "minecraft:overworld_underground_copper_ore_feature",
      "places_feature": "minecraft:copper_ore_feature"
    },
    "conditions": {
      "placement_pass": "underground_pass",
      "minecraft:biome_filter": [
        {
          "any_of": []
        }
      ]
    },
    "distribution": {
      "iterations": 1,
      "coordinate_eval_order": "zyx",
      "x": {
        "distribution": "uniform",
        "extent": [0, 16]
      },
      "y": {
        "distribution": "uniform",
        "extent": [-50, 0]
      },
      "z": {
        "distribution": "uniform",
        "extent": [0, 16]
      }
    }
  }
}
