{
  "format_version": "1.13.0",
  "minecraft:feature_rules": {
    "description": {
      "identifier": "minecraft:pale_garden_surface_double_plant_feature_rules",
      "places_feature": "minecraft:grass_double_plant_patch_feature"
    },
    "conditions": {
      "placement_pass": "surface_pass",
      "minecraft:biome_filter": [
        { "test": "has_biome_tag", "operator": "==", "value": "pale_garden" }
      ]
    },
    "distribution": {
      "iterations": "1",
      "x": {
        "distribution": "uniform",
        "extent": [0, 16]
      },
      "y": {
        "distribution": "uniform",
        "extent": [0, "query.heightmap(variable.worldx, variable.worldz) + 4"]
      },
      "z": {
        "distribution": "uniform",
        "extent": [0, 16]
      }
    }
  }
}
