{
  "format_version": "1.8.0",
  "minecraft:spawn_rules": {
    "description": {
      "identifier": "minecraft:llama",
      "population_control": "animal"
    },
    "conditions": [
      {
        "minecraft:spawns_on_surface": {},
        "minecraft:spawns_on_block_filter": "minecraft:grass",
        "minecraft:brightness_filter": {
          "min": 7,
          "max": 15,
          "adjust_for_weather": false
        },
        "minecraft:weight": {
          "default": 10
        },
        "minecraft:herd": {
          "min_size": 4,
          "max_size": 6
        },

        "minecraft:biome_filter": {
          "test": "has_biome_tag",
          "operator": "==",
          "value": "extreme_hills"
        }
      },
      {
        "minecraft:spawns_on_surface": {},
        "minecraft:brightness_filter": {
          "min": 7,
          "max": 15,
          "adjust_for_weather": false
        },
        "minecraft:weight": {
          "default": 20
        },
        "minecraft:herd": {
          "min_size": 4,
          "max_size": 4
        },

        "minecraft:biome_filter": {
          "test": "has_biome_tag",
          "operator": "==",
          "value": "savanna"
        }
      }
    ]
  }
}
