{
  "pools": [
    {
      "rolls": 1,
      "entries": [
        {
          "type": "item",
          "name": "minecraft:cooked_beef",
          "weight": 1,
          "functions": [
            {
              "function": "set_count",
              "count": {
                "min": 0,
                "max": 2
              }
            },
            {
              "function": "looting_enchant",
              "count": {
                "min": 0,
                "max": 1
              }
            }
          ]
        }
      ]
    },
    {
      "conditions": [
        {
          "condition": "killed_by_player_or_pets"
        },
        {
          "condition": "random_chance_with_looting",
          "chance": 0.1,
          "looting_multiplier": 0.1
        }
      ],
      "rolls": 1,
      "entries": [
        {
          "type": "item",
          "name": "minecraft:golden_apple",
          "weight": 1
        },
        {
          "type": "item",
          "name": "minecraft:diamond",
          "weight": 1
        },
        {
          "type": "item",
          "name": "minecraft:ender_pearl",
          "weight": 1
        }
      ]
    }
  ]
}
